{
    "stepNumber": "8",
    "consultationFee": {
        "homeVisit": {
            "amount": 250,
            "currencyId": "5ce25dd84822d7b3facf1525"
        },
        "clinicVisit": [
            {
                "type": 1,
                "time": 15,
                "amount": 100,
                "currencyId": "5ce25dd84822d7b3facf1525"
            }
        ],
        "onlineConsultation": [
            {
                "type": 1,
                "time": 15,
                "amount": 100,
                "currencyId": "5ce25dd84822d7b3facf1525"
            }
        ]
    },
    "slotData": {
        "0": [
        {
            "startTime": 0,
            "endTime": 600000,
            "serviceType": 2
        },
        {
            "startTime": 600000,
            "endTime": 1200000,
            "serviceType": 2
        }
    ],
    "1": [
        {
            "startTime": 0,
            "endTime": 600000,
            "serviceType": 2
        },
        {
            "startTime": 600000,
            "endTime": 1200000,
            "serviceType": 2
        }
    ],
    "2": [
        {
            "startTime": 0,
            "endTime": 600000,
            "serviceType": 2
        },
        {
            "startTime": 600000,
            "endTime": 1200000,
            "serviceType": 2
        }
    ],
    "3": [
        {
            "startTime": 0,
            "endTime": 600000,
            "serviceType": 2
        },
        {
            "startTime": 600000,
            "endTime": 1200000,
            "serviceType": 2
        }
    ],
    "4": [
        {
            "startTime": 0,
            "endTime": 600000,
            "serviceType": 2
        },
        {
            "startTime": 600000,
            "endTime": 1200000,
            "serviceType": 2
        }
    ],
    "5": [
        {
            "startTime": 0,
            "endTime": 600000,
            "serviceType": 2
        },
        {
            "startTime": 600000,
            "endTime": 1200000,
            "serviceType": 2
        }
    ],
    "6": [
        {
            "startTime": 0,
            "endTime": 600000,
            "serviceType": 2
        },
        {
            "startTime": 600000,
            "endTime": 1200000,
            "serviceType": 2
        }
    ]
    }
}
